date,LogTitle,message,exception,machinename,appdomain,assembly-version,basedir,callsite,counter,nlogdir,processid,processname,specialfolder,stacktrace,longdate,event-properties,uppercase,logger,url,action
2025/01/20 17:17:10.792,SqlSugar,执行SQL错误事件,"SqlSugar.SqlSugarException: 中文提示 :  连接数据库过程中发生错误，检查服务器是否正常连接字符串是否正确，错误信息：Keyword not supported: 'port'..
English Message : Connection open error . Keyword not supported: 'port'. ",PC-20220610JUCQ,0001:CoreCms.Net.Web.WebApi, 1.0.0.0,F:\Git_Code\CoreShop\CoreCms.Net.Web.WebApi\bin\Debug\net8.0\,CoreCms.Net.Loging.NLogUtil.WriteFileLog,2,F:\Git_Code\CoreShop\CoreCms.Net.Web.WebApi\bin\Debug\net8.0,8500,CoreCms.Net.Web.WebApi,C:\Users\Desktop,AdoProvider.ExecuteErrorEvent => <>c.<AddSqlSugarSetup>b__0_1 => NLogUtil.WriteFileLog,2025-01-20 17:17:10.7920,,ERROR,logfile,,
2025/01/20 17:17:10.792,SqlSugar,执行SQL错误事件,"SqlSugar.SqlSugarException: 中文提示 :  连接数据库过程中发生错误，检查服务器是否正常连接字符串是否正确，错误信息：Keyword not supported: 'port'..
English Message : Connection open error . Keyword not supported: 'port'. ",PC-20220610JUCQ,0001:CoreCms.Net.Web.WebApi, 1.0.0.0,F:\Git_Code\CoreShop\CoreCms.Net.Web.WebApi\bin\Debug\net8.0\,CoreCms.Net.Loging.NLogUtil.WriteFileLog,3,F:\Git_Code\CoreShop\CoreCms.Net.Web.WebApi\bin\Debug\net8.0,8500,CoreCms.Net.Web.WebApi,C:\Users\Desktop,AdoProvider.ExecuteErrorEvent => <>c.<AddSqlSugarSetup>b__0_1 => NLogUtil.WriteFileLog,2025-01-20 17:17:10.7920,,ERROR,logfile,,
2025/01/20 17:17:10.792,SqlSugar,执行SQL错误事件,"SqlSugar.SqlSugarException: 中文提示 :  连接数据库过程中发生错误，检查服务器是否正常连接字符串是否正确，错误信息：Keyword not supported: 'port'..
English Message : Connection open error . Keyword not supported: 'port'. ",PC-20220610JUCQ,0001:CoreCms.Net.Web.WebApi, 1.0.0.0,F:\Git_Code\CoreShop\CoreCms.Net.Web.WebApi\bin\Debug\net8.0\,CoreCms.Net.Loging.NLogUtil.WriteFileLog,4,F:\Git_Code\CoreShop\CoreCms.Net.Web.WebApi\bin\Debug\net8.0,8500,CoreCms.Net.Web.WebApi,C:\Users\Desktop,AdoProvider.ExecuteErrorEvent => <>c.<AddSqlSugarSetup>b__0_1 => NLogUtil.WriteFileLog,2025-01-20 17:17:10.7920,,ERROR,logfile,,
2025/01/20 17:17:10.792,SqlSugar,执行SQL错误事件,"SqlSugar.SqlSugarException: 中文提示 :  连接数据库过程中发生错误，检查服务器是否正常连接字符串是否正确，错误信息：Keyword not supported: 'port'..
English Message : Connection open error . Keyword not supported: 'port'. ",PC-20220610JUCQ,0001:CoreCms.Net.Web.WebApi, 1.0.0.0,F:\Git_Code\CoreShop\CoreCms.Net.Web.WebApi\bin\Debug\net8.0\,CoreCms.Net.Loging.NLogUtil.WriteFileLog,5,F:\Git_Code\CoreShop\CoreCms.Net.Web.WebApi\bin\Debug\net8.0,8500,CoreCms.Net.Web.WebApi,C:\Users\Desktop,AdoProvider.ExecuteErrorEvent => <>c.<AddSqlSugarSetup>b__0_1 => NLogUtil.WriteFileLog,2025-01-20 17:17:10.7920,,ERROR,logfile,,
2025/01/20 17:17:10.792,SqlSugar,执行SQL错误事件,"SqlSugar.SqlSugarException: 中文提示 :  连接数据库过程中发生错误，检查服务器是否正常连接字符串是否正确，错误信息：Keyword not supported: 'port'..
English Message : Connection open error . Keyword not supported: 'port'. ",PC-20220610JUCQ,0001:CoreCms.Net.Web.WebApi, 1.0.0.0,F:\Git_Code\CoreShop\CoreCms.Net.Web.WebApi\bin\Debug\net8.0\,CoreCms.Net.Loging.NLogUtil.WriteFileLog,6,F:\Git_Code\CoreShop\CoreCms.Net.Web.WebApi\bin\Debug\net8.0,8500,CoreCms.Net.Web.WebApi,C:\Users\Desktop,AdoProvider.ExecuteErrorEvent => <>c.<AddSqlSugarSetup>b__0_1 => NLogUtil.WriteFileLog,2025-01-20 17:17:10.7920,,ERROR,logfile,,
2025/01/20 17:17:10.792,SqlSugar,执行SQL错误事件,"SqlSugar.SqlSugarException: 中文提示 :  连接数据库过程中发生错误，检查服务器是否正常连接字符串是否正确，错误信息：Keyword not supported: 'port'..
English Message : Connection open error . Keyword not supported: 'port'. ",PC-20220610JUCQ,0001:CoreCms.Net.Web.WebApi, 1.0.0.0,F:\Git_Code\CoreShop\CoreCms.Net.Web.WebApi\bin\Debug\net8.0\,CoreCms.Net.Loging.NLogUtil.WriteFileLog,7,F:\Git_Code\CoreShop\CoreCms.Net.Web.WebApi\bin\Debug\net8.0,8500,CoreCms.Net.Web.WebApi,C:\Users\Desktop,AdoProvider.ExecuteErrorEvent => <>c.<AddSqlSugarSetup>b__0_1 => NLogUtil.WriteFileLog,2025-01-20 17:17:10.7920,,ERROR,logfile,,
2025/01/20 17:17:10.792,SqlSugar,执行SQL错误事件,"SqlSugar.SqlSugarException: 中文提示 :  连接数据库过程中发生错误，检查服务器是否正常连接字符串是否正确，错误信息：Keyword not supported: 'port'..
English Message : Connection open error . Keyword not supported: 'port'. ",PC-20220610JUCQ,0001:CoreCms.Net.Web.WebApi, 1.0.0.0,F:\Git_Code\CoreShop\CoreCms.Net.Web.WebApi\bin\Debug\net8.0\,CoreCms.Net.Loging.NLogUtil.WriteFileLog,8,F:\Git_Code\CoreShop\CoreCms.Net.Web.WebApi\bin\Debug\net8.0,8500,CoreCms.Net.Web.WebApi,C:\Users\Desktop,AdoProvider.ExecuteErrorEvent => <>c.<AddSqlSugarSetup>b__0_1 => NLogUtil.WriteFileLog,2025-01-20 17:17:10.7920,,ERROR,logfile,,
2025/01/20 17:17:10.792,SqlSugar,执行SQL错误事件,"SqlSugar.SqlSugarException: 中文提示 :  连接数据库过程中发生错误，检查服务器是否正常连接字符串是否正确，错误信息：Keyword not supported: 'port'..
English Message : Connection open error . Keyword not supported: 'port'. ",PC-20220610JUCQ,0001:CoreCms.Net.Web.WebApi, 1.0.0.0,F:\Git_Code\CoreShop\CoreCms.Net.Web.WebApi\bin\Debug\net8.0\,CoreCms.Net.Loging.NLogUtil.WriteFileLog,9,F:\Git_Code\CoreShop\CoreCms.Net.Web.WebApi\bin\Debug\net8.0,8500,CoreCms.Net.Web.WebApi,C:\Users\Desktop,AdoProvider.ExecuteErrorEvent => <>c.<AddSqlSugarSetup>b__0_1 => NLogUtil.WriteFileLog,2025-01-20 17:17:10.7920,,ERROR,logfile,,
2025/01/20 17:17:10.792,SqlSugar,执行SQL错误事件,"SqlSugar.SqlSugarException: 中文提示 :  连接数据库过程中发生错误，检查服务器是否正常连接字符串是否正确，错误信息：Keyword not supported: 'port'..
English Message : Connection open error . Keyword not supported: 'port'. ",PC-20220610JUCQ,0001:CoreCms.Net.Web.WebApi, 1.0.0.0,F:\Git_Code\CoreShop\CoreCms.Net.Web.WebApi\bin\Debug\net8.0\,CoreCms.Net.Loging.NLogUtil.WriteFileLog,10,F:\Git_Code\CoreShop\CoreCms.Net.Web.WebApi\bin\Debug\net8.0,8500,CoreCms.Net.Web.WebApi,C:\Users\Desktop,AdoProvider.ExecuteErrorEvent => <>c.<AddSqlSugarSetup>b__0_1 => NLogUtil.WriteFileLog,2025-01-20 17:17:10.7920,,ERROR,logfile,,
2025/01/20 17:17:10.792,SqlSugar,执行SQL错误事件,"SqlSugar.SqlSugarException: 中文提示 :  连接数据库过程中发生错误，检查服务器是否正常连接字符串是否正确，错误信息：Keyword not supported: 'port'..
English Message : Connection open error . Keyword not supported: 'port'. ",PC-20220610JUCQ,0001:CoreCms.Net.Web.WebApi, 1.0.0.0,F:\Git_Code\CoreShop\CoreCms.Net.Web.WebApi\bin\Debug\net8.0\,CoreCms.Net.Loging.NLogUtil.WriteFileLog,11,F:\Git_Code\CoreShop\CoreCms.Net.Web.WebApi\bin\Debug\net8.0,8500,CoreCms.Net.Web.WebApi,C:\Users\Desktop,AdoProvider.ExecuteErrorEvent => <>c.<AddSqlSugarSetup>b__0_1 => NLogUtil.WriteFileLog,2025-01-20 17:17:10.7920,,ERROR,logfile,,
2025/01/20 17:17:40.629,SqlSugar,执行SQL错误事件,"SqlSugar.SqlSugarException: 中文提示 :  连接数据库过程中发生错误，检查服务器是否正常连接字符串是否正确，错误信息：Keyword not supported: 'port'..
English Message : Connection open error . Keyword not supported: 'port'. ",PC-20220610JUCQ,0001:CoreCms.Net.Web.WebApi, 1.0.0.0,F:\Git_Code\CoreShop\CoreCms.Net.Web.WebApi\bin\Debug\net8.0\,CoreCms.Net.Loging.NLogUtil.WriteFileLog,12,F:\Git_Code\CoreShop\CoreCms.Net.Web.WebApi\bin\Debug\net8.0,8500,CoreCms.Net.Web.WebApi,C:\Users\Desktop,AdoProvider.ExecuteErrorEvent => <>c.<AddSqlSugarSetup>b__0_1 => NLogUtil.WriteFileLog,2025-01-20 17:17:40.6298,,ERROR,logfile,,
2025/01/20 17:17:40.629,SqlSugar,执行SQL错误事件,"SqlSugar.SqlSugarException: 中文提示 :  连接数据库过程中发生错误，检查服务器是否正常连接字符串是否正确，错误信息：Keyword not supported: 'port'..
English Message : Connection open error . Keyword not supported: 'port'. ",PC-20220610JUCQ,0001:CoreCms.Net.Web.WebApi, 1.0.0.0,F:\Git_Code\CoreShop\CoreCms.Net.Web.WebApi\bin\Debug\net8.0\,CoreCms.Net.Loging.NLogUtil.WriteFileLog,13,F:\Git_Code\CoreShop\CoreCms.Net.Web.WebApi\bin\Debug\net8.0,8500,CoreCms.Net.Web.WebApi,C:\Users\Desktop,AdoProvider.ExecuteErrorEvent => <>c.<AddSqlSugarSetup>b__0_1 => NLogUtil.WriteFileLog,2025-01-20 17:17:40.6298,,ERROR,logfile,,
2025/01/20 17:17:40.669,SqlSugar,执行SQL错误事件,"SqlSugar.SqlSugarException: 中文提示 :  连接数据库过程中发生错误，检查服务器是否正常连接字符串是否正确，错误信息：Keyword not supported: 'port'..
English Message : Connection open error . Keyword not supported: 'port'. ",PC-20220610JUCQ,0001:CoreCms.Net.Web.WebApi, 1.0.0.0,F:\Git_Code\CoreShop\CoreCms.Net.Web.WebApi\bin\Debug\net8.0\,CoreCms.Net.Loging.NLogUtil.WriteFileLog,14,F:\Git_Code\CoreShop\CoreCms.Net.Web.WebApi\bin\Debug\net8.0,8500,CoreCms.Net.Web.WebApi,C:\Users\Desktop,AdoProvider.ExecuteErrorEvent => <>c.<AddSqlSugarSetup>b__0_1 => NLogUtil.WriteFileLog,2025-01-20 17:17:40.6692,,ERROR,logfile,,
2025/01/20 17:17:40.713,SqlSugar,执行SQL错误事件,"SqlSugar.SqlSugarException: 中文提示 :  连接数据库过程中发生错误，检查服务器是否正常连接字符串是否正确，错误信息：Keyword not supported: 'port'..
English Message : Connection open error . Keyword not supported: 'port'. ",PC-20220610JUCQ,0001:CoreCms.Net.Web.WebApi, 1.0.0.0,F:\Git_Code\CoreShop\CoreCms.Net.Web.WebApi\bin\Debug\net8.0\,CoreCms.Net.Loging.NLogUtil.WriteFileLog,15,F:\Git_Code\CoreShop\CoreCms.Net.Web.WebApi\bin\Debug\net8.0,8500,CoreCms.Net.Web.WebApi,C:\Users\Desktop,AdoProvider.ExecuteErrorEvent => <>c.<AddSqlSugarSetup>b__0_1 => NLogUtil.WriteFileLog,2025-01-20 17:17:40.7132,,ERROR,logfile,,
2025/01/20 17:17:40.730,SqlSugar,执行SQL错误事件,"SqlSugar.SqlSugarException: 中文提示 :  连接数据库过程中发生错误，检查服务器是否正常连接字符串是否正确，错误信息：Keyword not supported: 'port'..
English Message : Connection open error . Keyword not supported: 'port'. ",PC-20220610JUCQ,0001:CoreCms.Net.Web.WebApi, 1.0.0.0,F:\Git_Code\CoreShop\CoreCms.Net.Web.WebApi\bin\Debug\net8.0\,CoreCms.Net.Loging.NLogUtil.WriteFileLog,16,F:\Git_Code\CoreShop\CoreCms.Net.Web.WebApi\bin\Debug\net8.0,8500,CoreCms.Net.Web.WebApi,C:\Users\Desktop,AdoProvider.ExecuteErrorEvent => <>c.<AddSqlSugarSetup>b__0_1 => NLogUtil.WriteFileLog,2025-01-20 17:17:40.7304,,ERROR,logfile,,
2025/01/20 17:17:40.752,SqlSugar,执行SQL错误事件,"SqlSugar.SqlSugarException: 中文提示 :  连接数据库过程中发生错误，检查服务器是否正常连接字符串是否正确，错误信息：Keyword not supported: 'port'..
English Message : Connection open error . Keyword not supported: 'port'. ",PC-20220610JUCQ,0001:CoreCms.Net.Web.WebApi, 1.0.0.0,F:\Git_Code\CoreShop\CoreCms.Net.Web.WebApi\bin\Debug\net8.0\,CoreCms.Net.Loging.NLogUtil.WriteFileLog,17,F:\Git_Code\CoreShop\CoreCms.Net.Web.WebApi\bin\Debug\net8.0,8500,CoreCms.Net.Web.WebApi,C:\Users\Desktop,AdoProvider.ExecuteErrorEvent => <>c.<AddSqlSugarSetup>b__0_1 => NLogUtil.WriteFileLog,2025-01-20 17:17:40.7520,,ERROR,logfile,,
2025/01/20 17:17:55.738,SqlSugar,执行SQL错误事件,"SqlSugar.SqlSugarException: 中文提示 :  连接数据库过程中发生错误，检查服务器是否正常连接字符串是否正确，错误信息：Keyword not supported: 'port'..
English Message : Connection open error . Keyword not supported: 'port'. ",PC-20220610JUCQ,0001:CoreCms.Net.Web.WebApi, 1.0.0.0,F:\Git_Code\CoreShop\CoreCms.Net.Web.WebApi\bin\Debug\net8.0\,CoreCms.Net.Loging.NLogUtil.WriteFileLog,18,F:\Git_Code\CoreShop\CoreCms.Net.Web.WebApi\bin\Debug\net8.0,8500,CoreCms.Net.Web.WebApi,C:\Users\Desktop,AdoProvider.ExecuteErrorEvent => <>c.<AddSqlSugarSetup>b__0_1 => NLogUtil.WriteFileLog,2025-01-20 17:17:55.7387,,ERROR,logfile,,
2025/01/20 17:17:55.771,SqlSugar,执行SQL错误事件,"SqlSugar.SqlSugarException: 中文提示 :  连接数据库过程中发生错误，检查服务器是否正常连接字符串是否正确，错误信息：Keyword not supported: 'port'..
English Message : Connection open error . Keyword not supported: 'port'. ",PC-20220610JUCQ,0001:CoreCms.Net.Web.WebApi, 1.0.0.0,F:\Git_Code\CoreShop\CoreCms.Net.Web.WebApi\bin\Debug\net8.0\,CoreCms.Net.Loging.NLogUtil.WriteFileLog,19,F:\Git_Code\CoreShop\CoreCms.Net.Web.WebApi\bin\Debug\net8.0,8500,CoreCms.Net.Web.WebApi,C:\Users\Desktop,AdoProvider.ExecuteErrorEvent => <>c.<AddSqlSugarSetup>b__0_1 => NLogUtil.WriteFileLog,2025-01-20 17:17:55.7718,,ERROR,logfile,,
2025/01/20 17:17:55.771,SqlSugar,执行SQL错误事件,"SqlSugar.SqlSugarException: 中文提示 :  连接数据库过程中发生错误，检查服务器是否正常连接字符串是否正确，错误信息：Keyword not supported: 'port'..
English Message : Connection open error . Keyword not supported: 'port'. ",PC-20220610JUCQ,0001:CoreCms.Net.Web.WebApi, 1.0.0.0,F:\Git_Code\CoreShop\CoreCms.Net.Web.WebApi\bin\Debug\net8.0\,CoreCms.Net.Loging.NLogUtil.WriteFileLog,20,F:\Git_Code\CoreShop\CoreCms.Net.Web.WebApi\bin\Debug\net8.0,8500,CoreCms.Net.Web.WebApi,C:\Users\Desktop,AdoProvider.ExecuteErrorEvent => <>c.<AddSqlSugarSetup>b__0_1 => NLogUtil.WriteFileLog,2025-01-20 17:17:55.7718,,ERROR,logfile,,
2025/01/20 17:18:10.650,SqlSugar,执行SQL错误事件,"SqlSugar.SqlSugarException: 中文提示 :  连接数据库过程中发生错误，检查服务器是否正常连接字符串是否正确，错误信息：Keyword not supported: 'port'..
English Message : Connection open error . Keyword not supported: 'port'. ",PC-20220610JUCQ,0001:CoreCms.Net.Web.WebApi, 1.0.0.0,F:\Git_Code\CoreShop\CoreCms.Net.Web.WebApi\bin\Debug\net8.0\,CoreCms.Net.Loging.NLogUtil.WriteFileLog,21,F:\Git_Code\CoreShop\CoreCms.Net.Web.WebApi\bin\Debug\net8.0,8500,CoreCms.Net.Web.WebApi,C:\Users\Desktop,AdoProvider.ExecuteErrorEvent => <>c.<AddSqlSugarSetup>b__0_1 => NLogUtil.WriteFileLog,2025-01-20 17:18:10.6501,,ERROR,logfile,,
2025/01/20 17:18:10.679,SqlSugar,执行SQL错误事件,"SqlSugar.SqlSugarException: 中文提示 :  连接数据库过程中发生错误，检查服务器是否正常连接字符串是否正确，错误信息：Keyword not supported: 'port'..
English Message : Connection open error . Keyword not supported: 'port'. ",PC-20220610JUCQ,0001:CoreCms.Net.Web.WebApi, 1.0.0.0,F:\Git_Code\CoreShop\CoreCms.Net.Web.WebApi\bin\Debug\net8.0\,CoreCms.Net.Loging.NLogUtil.WriteFileLog,22,F:\Git_Code\CoreShop\CoreCms.Net.Web.WebApi\bin\Debug\net8.0,8500,CoreCms.Net.Web.WebApi,C:\Users\Desktop,AdoProvider.ExecuteErrorEvent => <>c.<AddSqlSugarSetup>b__0_1 => NLogUtil.WriteFileLog,2025-01-20 17:18:10.6791,,ERROR,logfile,,
2025/01/20 17:18:10.752,SqlSugar,执行SQL错误事件,"SqlSugar.SqlSugarException: 中文提示 :  连接数据库过程中发生错误，检查服务器是否正常连接字符串是否正确，错误信息：Keyword not supported: 'port'..
English Message : Connection open error . Keyword not supported: 'port'. ",PC-20220610JUCQ,0001:CoreCms.Net.Web.WebApi, 1.0.0.0,F:\Git_Code\CoreShop\CoreCms.Net.Web.WebApi\bin\Debug\net8.0\,CoreCms.Net.Loging.NLogUtil.WriteFileLog,23,F:\Git_Code\CoreShop\CoreCms.Net.Web.WebApi\bin\Debug\net8.0,8500,CoreCms.Net.Web.WebApi,C:\Users\Desktop,AdoProvider.ExecuteErrorEvent => <>c.<AddSqlSugarSetup>b__0_1 => NLogUtil.WriteFileLog,2025-01-20 17:18:10.7525,,ERROR,logfile,,
2025/01/20 17:18:25.810,SqlSugar,执行SQL错误事件,"SqlSugar.SqlSugarException: 中文提示 :  连接数据库过程中发生错误，检查服务器是否正常连接字符串是否正确，错误信息：Keyword not supported: 'port'..
English Message : Connection open error . Keyword not supported: 'port'. ",PC-20220610JUCQ,0001:CoreCms.Net.Web.WebApi, 1.0.0.0,F:\Git_Code\CoreShop\CoreCms.Net.Web.WebApi\bin\Debug\net8.0\,CoreCms.Net.Loging.NLogUtil.WriteFileLog,24,F:\Git_Code\CoreShop\CoreCms.Net.Web.WebApi\bin\Debug\net8.0,8500,CoreCms.Net.Web.WebApi,C:\Users\Desktop,AdoProvider.ExecuteErrorEvent => <>c.<AddSqlSugarSetup>b__0_1 => NLogUtil.WriteFileLog,2025-01-20 17:18:25.8107,,ERROR,logfile,,
2025/01/20 17:18:25.829,SqlSugar,执行SQL错误事件,"SqlSugar.SqlSugarException: 中文提示 :  连接数据库过程中发生错误，检查服务器是否正常连接字符串是否正确，错误信息：Keyword not supported: 'port'..
English Message : Connection open error . Keyword not supported: 'port'. ",PC-20220610JUCQ,0001:CoreCms.Net.Web.WebApi, 1.0.0.0,F:\Git_Code\CoreShop\CoreCms.Net.Web.WebApi\bin\Debug\net8.0\,CoreCms.Net.Loging.NLogUtil.WriteFileLog,25,F:\Git_Code\CoreShop\CoreCms.Net.Web.WebApi\bin\Debug\net8.0,8500,CoreCms.Net.Web.WebApi,C:\Users\Desktop,AdoProvider.ExecuteErrorEvent => <>c.<AddSqlSugarSetup>b__0_1 => NLogUtil.WriteFileLog,2025-01-20 17:18:25.8297,,ERROR,logfile,,
2025/01/20 17:18:25.834,SqlSugar,执行SQL错误事件,"SqlSugar.SqlSugarException: 中文提示 :  连接数据库过程中发生错误，检查服务器是否正常连接字符串是否正确，错误信息：Keyword not supported: 'port'..
English Message : Connection open error . Keyword not supported: 'port'. ",PC-20220610JUCQ,0001:CoreCms.Net.Web.WebApi, 1.0.0.0,F:\Git_Code\CoreShop\CoreCms.Net.Web.WebApi\bin\Debug\net8.0\,CoreCms.Net.Loging.NLogUtil.WriteFileLog,26,F:\Git_Code\CoreShop\CoreCms.Net.Web.WebApi\bin\Debug\net8.0,8500,CoreCms.Net.Web.WebApi,C:\Users\Desktop,AdoProvider.ExecuteErrorEvent => <>c.<AddSqlSugarSetup>b__0_1 => NLogUtil.WriteFileLog,2025-01-20 17:18:25.8345,,ERROR,logfile,,
2025/01/20 17:18:25.885,SqlSugar,执行SQL错误事件,"SqlSugar.SqlSugarException: 中文提示 :  连接数据库过程中发生错误，检查服务器是否正常连接字符串是否正确，错误信息：Keyword not supported: 'port'..
English Message : Connection open error . Keyword not supported: 'port'. ",PC-20220610JUCQ,0001:CoreCms.Net.Web.WebApi, 1.0.0.0,F:\Git_Code\CoreShop\CoreCms.Net.Web.WebApi\bin\Debug\net8.0\,CoreCms.Net.Loging.NLogUtil.WriteFileLog,27,F:\Git_Code\CoreShop\CoreCms.Net.Web.WebApi\bin\Debug\net8.0,8500,CoreCms.Net.Web.WebApi,C:\Users\Desktop,AdoProvider.ExecuteErrorEvent => <>c.<AddSqlSugarSetup>b__0_1 => NLogUtil.WriteFileLog,2025-01-20 17:18:25.8854,,ERROR,logfile,,
2025/01/20 17:18:40.929,SqlSugar,执行SQL错误事件,"SqlSugar.SqlSugarException: 中文提示 :  连接数据库过程中发生错误，检查服务器是否正常连接字符串是否正确，错误信息：Keyword not supported: 'port'..
English Message : Connection open error . Keyword not supported: 'port'. ",PC-20220610JUCQ,0001:CoreCms.Net.Web.WebApi, 1.0.0.0,F:\Git_Code\CoreShop\CoreCms.Net.Web.WebApi\bin\Debug\net8.0\,CoreCms.Net.Loging.NLogUtil.WriteFileLog,28,F:\Git_Code\CoreShop\CoreCms.Net.Web.WebApi\bin\Debug\net8.0,8500,CoreCms.Net.Web.WebApi,C:\Users\Desktop,AdoProvider.ExecuteErrorEvent => <>c.<AddSqlSugarSetup>b__0_1 => NLogUtil.WriteFileLog,2025-01-20 17:18:40.9294,,ERROR,logfile,,
2025/01/20 17:18:40.960,SqlSugar,执行SQL错误事件,"SqlSugar.SqlSugarException: 中文提示 :  连接数据库过程中发生错误，检查服务器是否正常连接字符串是否正确，错误信息：Keyword not supported: 'port'..
English Message : Connection open error . Keyword not supported: 'port'. ",PC-20220610JUCQ,0001:CoreCms.Net.Web.WebApi, 1.0.0.0,F:\Git_Code\CoreShop\CoreCms.Net.Web.WebApi\bin\Debug\net8.0\,CoreCms.Net.Loging.NLogUtil.WriteFileLog,29,F:\Git_Code\CoreShop\CoreCms.Net.Web.WebApi\bin\Debug\net8.0,8500,CoreCms.Net.Web.WebApi,C:\Users\Desktop,AdoProvider.ExecuteErrorEvent => <>c.<AddSqlSugarSetup>b__0_1 => NLogUtil.WriteFileLog,2025-01-20 17:18:40.9602,,ERROR,logfile,,
2025/01/20 17:18:40.960,SqlSugar,执行SQL错误事件,"SqlSugar.SqlSugarException: 中文提示 :  连接数据库过程中发生错误，检查服务器是否正常连接字符串是否正确，错误信息：Keyword not supported: 'port'..
English Message : Connection open error . Keyword not supported: 'port'. ",PC-20220610JUCQ,0001:CoreCms.Net.Web.WebApi, 1.0.0.0,F:\Git_Code\CoreShop\CoreCms.Net.Web.WebApi\bin\Debug\net8.0\,CoreCms.Net.Loging.NLogUtil.WriteFileLog,30,F:\Git_Code\CoreShop\CoreCms.Net.Web.WebApi\bin\Debug\net8.0,8500,CoreCms.Net.Web.WebApi,C:\Users\Desktop,AdoProvider.ExecuteErrorEvent => <>c.<AddSqlSugarSetup>b__0_1 => NLogUtil.WriteFileLog,2025-01-20 17:18:40.9602,,ERROR,logfile,,
2025/01/20 17:18:55.979,SqlSugar,执行SQL错误事件,"SqlSugar.SqlSugarException: 中文提示 :  连接数据库过程中发生错误，检查服务器是否正常连接字符串是否正确，错误信息：Keyword not supported: 'port'..
English Message : Connection open error . Keyword not supported: 'port'. ",PC-20220610JUCQ,0001:CoreCms.Net.Web.WebApi, 1.0.0.0,F:\Git_Code\CoreShop\CoreCms.Net.Web.WebApi\bin\Debug\net8.0\,CoreCms.Net.Loging.NLogUtil.WriteFileLog,31,F:\Git_Code\CoreShop\CoreCms.Net.Web.WebApi\bin\Debug\net8.0,8500,CoreCms.Net.Web.WebApi,C:\Users\Desktop,AdoProvider.ExecuteErrorEvent => <>c.<AddSqlSugarSetup>b__0_1 => NLogUtil.WriteFileLog,2025-01-20 17:18:55.9797,,ERROR,logfile,,
2025/01/20 17:18:55.996,SqlSugar,执行SQL错误事件,"SqlSugar.SqlSugarException: 中文提示 :  连接数据库过程中发生错误，检查服务器是否正常连接字符串是否正确，错误信息：Keyword not supported: 'port'..
English Message : Connection open error . Keyword not supported: 'port'. ",PC-20220610JUCQ,0001:CoreCms.Net.Web.WebApi, 1.0.0.0,F:\Git_Code\CoreShop\CoreCms.Net.Web.WebApi\bin\Debug\net8.0\,CoreCms.Net.Loging.NLogUtil.WriteFileLog,32,F:\Git_Code\CoreShop\CoreCms.Net.Web.WebApi\bin\Debug\net8.0,8500,CoreCms.Net.Web.WebApi,C:\Users\Desktop,AdoProvider.ExecuteErrorEvent => <>c.<AddSqlSugarSetup>b__0_1 => NLogUtil.WriteFileLog,2025-01-20 17:18:55.9962,,ERROR,logfile,,
2025/01/20 17:18:56.037,SqlSugar,执行SQL错误事件,"SqlSugar.SqlSugarException: 中文提示 :  连接数据库过程中发生错误，检查服务器是否正常连接字符串是否正确，错误信息：Keyword not supported: 'port'..
English Message : Connection open error . Keyword not supported: 'port'. ",PC-20220610JUCQ,0001:CoreCms.Net.Web.WebApi, 1.0.0.0,F:\Git_Code\CoreShop\CoreCms.Net.Web.WebApi\bin\Debug\net8.0\,CoreCms.Net.Loging.NLogUtil.WriteFileLog,33,F:\Git_Code\CoreShop\CoreCms.Net.Web.WebApi\bin\Debug\net8.0,8500,CoreCms.Net.Web.WebApi,C:\Users\Desktop,AdoProvider.ExecuteErrorEvent => <>c.<AddSqlSugarSetup>b__0_1 => NLogUtil.WriteFileLog,2025-01-20 17:18:56.0377,,ERROR,logfile,,
2025/01/20 17:18:58.983,SqlSugar,执行SQL错误事件,"SqlSugar.SqlSugarException: 中文提示 :  连接数据库过程中发生错误，检查服务器是否正常连接字符串是否正确，错误信息：Keyword not supported: 'port'..
English Message : Connection open error . Keyword not supported: 'port'. ",PC-20220610JUCQ,0001:CoreCms.Net.Web.WebApi, 1.0.0.0,F:\Git_Code\CoreShop\CoreCms.Net.Web.WebApi\bin\Debug\net8.0\,CoreCms.Net.Loging.NLogUtil.WriteFileLog,34,F:\Git_Code\CoreShop\CoreCms.Net.Web.WebApi\bin\Debug\net8.0,8500,CoreCms.Net.Web.WebApi,C:\Users\Desktop,AdoProvider.ExecuteErrorEvent => <>c.<AddSqlSugarSetup>b__0_1 => NLogUtil.WriteFileLog,2025-01-20 17:18:58.9837,,ERROR,logfile,,
2025/01/20 17:19:11.067,SqlSugar,执行SQL错误事件,"SqlSugar.SqlSugarException: 中文提示 :  连接数据库过程中发生错误，检查服务器是否正常连接字符串是否正确，错误信息：Keyword not supported: 'port'..
English Message : Connection open error . Keyword not supported: 'port'. ",PC-20220610JUCQ,0001:CoreCms.Net.Web.WebApi, 1.0.0.0,F:\Git_Code\CoreShop\CoreCms.Net.Web.WebApi\bin\Debug\net8.0\,CoreCms.Net.Loging.NLogUtil.WriteFileLog,35,F:\Git_Code\CoreShop\CoreCms.Net.Web.WebApi\bin\Debug\net8.0,8500,CoreCms.Net.Web.WebApi,C:\Users\Desktop,AdoProvider.ExecuteErrorEvent => <>c.<AddSqlSugarSetup>b__0_1 => NLogUtil.WriteFileLog,2025-01-20 17:19:11.0678,,ERROR,logfile,,
2025/01/20 17:19:11.096,SqlSugar,执行SQL错误事件,"SqlSugar.SqlSugarException: 中文提示 :  连接数据库过程中发生错误，检查服务器是否正常连接字符串是否正确，错误信息：Keyword not supported: 'port'..
English Message : Connection open error . Keyword not supported: 'port'. ",PC-20220610JUCQ,0001:CoreCms.Net.Web.WebApi, 1.0.0.0,F:\Git_Code\CoreShop\CoreCms.Net.Web.WebApi\bin\Debug\net8.0\,CoreCms.Net.Loging.NLogUtil.WriteFileLog,36,F:\Git_Code\CoreShop\CoreCms.Net.Web.WebApi\bin\Debug\net8.0,8500,CoreCms.Net.Web.WebApi,C:\Users\Desktop,AdoProvider.ExecuteErrorEvent => <>c.<AddSqlSugarSetup>b__0_1 => NLogUtil.WriteFileLog,2025-01-20 17:19:11.0962,,ERROR,logfile,,
2025/01/20 17:19:26.135,SqlSugar,执行SQL错误事件,"SqlSugar.SqlSugarException: 中文提示 :  连接数据库过程中发生错误，检查服务器是否正常连接字符串是否正确，错误信息：Keyword not supported: 'port'..
English Message : Connection open error . Keyword not supported: 'port'. ",PC-20220610JUCQ,0001:CoreCms.Net.Web.WebApi, 1.0.0.0,F:\Git_Code\CoreShop\CoreCms.Net.Web.WebApi\bin\Debug\net8.0\,CoreCms.Net.Loging.NLogUtil.WriteFileLog,37,F:\Git_Code\CoreShop\CoreCms.Net.Web.WebApi\bin\Debug\net8.0,8500,CoreCms.Net.Web.WebApi,C:\Users\Desktop,AdoProvider.ExecuteErrorEvent => <>c.<AddSqlSugarSetup>b__0_1 => NLogUtil.WriteFileLog,2025-01-20 17:19:26.1351,,ERROR,logfile,,
2025/01/20 17:19:41.183,SqlSugar,执行SQL错误事件,"SqlSugar.SqlSugarException: 中文提示 :  连接数据库过程中发生错误，检查服务器是否正常连接字符串是否正确，错误信息：Keyword not supported: 'port'..
English Message : Connection open error . Keyword not supported: 'port'. ",PC-20220610JUCQ,0001:CoreCms.Net.Web.WebApi, 1.0.0.0,F:\Git_Code\CoreShop\CoreCms.Net.Web.WebApi\bin\Debug\net8.0\,CoreCms.Net.Loging.NLogUtil.WriteFileLog,38,F:\Git_Code\CoreShop\CoreCms.Net.Web.WebApi\bin\Debug\net8.0,8500,CoreCms.Net.Web.WebApi,C:\Users\Desktop,AdoProvider.ExecuteErrorEvent => <>c.<AddSqlSugarSetup>b__0_1 => NLogUtil.WriteFileLog,2025-01-20 17:19:41.1834,,ERROR,logfile,,
2025/01/20 17:19:41.219,SqlSugar,执行SQL错误事件,"SqlSugar.SqlSugarException: 中文提示 :  连接数据库过程中发生错误，检查服务器是否正常连接字符串是否正确，错误信息：Keyword not supported: 'port'..
English Message : Connection open error . Keyword not supported: 'port'. ",PC-20220610JUCQ,0001:CoreCms.Net.Web.WebApi, 1.0.0.0,F:\Git_Code\CoreShop\CoreCms.Net.Web.WebApi\bin\Debug\net8.0\,CoreCms.Net.Loging.NLogUtil.WriteFileLog,39,F:\Git_Code\CoreShop\CoreCms.Net.Web.WebApi\bin\Debug\net8.0,8500,CoreCms.Net.Web.WebApi,C:\Users\Desktop,AdoProvider.ExecuteErrorEvent => <>c.<AddSqlSugarSetup>b__0_1 => NLogUtil.WriteFileLog,2025-01-20 17:19:41.2194,,ERROR,logfile,,
2025/01/20 17:19:41.249,SqlSugar,执行SQL错误事件,"SqlSugar.SqlSugarException: 中文提示 :  连接数据库过程中发生错误，检查服务器是否正常连接字符串是否正确，错误信息：Keyword not supported: 'port'..
English Message : Connection open error . Keyword not supported: 'port'. ",PC-20220610JUCQ,0001:CoreCms.Net.Web.WebApi, 1.0.0.0,F:\Git_Code\CoreShop\CoreCms.Net.Web.WebApi\bin\Debug\net8.0\,CoreCms.Net.Loging.NLogUtil.WriteFileLog,40,F:\Git_Code\CoreShop\CoreCms.Net.Web.WebApi\bin\Debug\net8.0,8500,CoreCms.Net.Web.WebApi,C:\Users\Desktop,AdoProvider.ExecuteErrorEvent => <>c.<AddSqlSugarSetup>b__0_1 => NLogUtil.WriteFileLog,2025-01-20 17:19:41.2497,,ERROR,logfile,,
2025/01/20 17:19:56.253,SqlSugar,执行SQL错误事件,"SqlSugar.SqlSugarException: 中文提示 :  连接数据库过程中发生错误，检查服务器是否正常连接字符串是否正确，错误信息：Keyword not supported: 'port'..
English Message : Connection open error . Keyword not supported: 'port'. ",PC-20220610JUCQ,0001:CoreCms.Net.Web.WebApi, 1.0.0.0,F:\Git_Code\CoreShop\CoreCms.Net.Web.WebApi\bin\Debug\net8.0\,CoreCms.Net.Loging.NLogUtil.WriteFileLog,41,F:\Git_Code\CoreShop\CoreCms.Net.Web.WebApi\bin\Debug\net8.0,8500,CoreCms.Net.Web.WebApi,C:\Users\Desktop,AdoProvider.ExecuteErrorEvent => <>c.<AddSqlSugarSetup>b__0_1 => NLogUtil.WriteFileLog,2025-01-20 17:19:56.2531,,ERROR,logfile,,
2025/01/20 17:19:56.282,SqlSugar,执行SQL错误事件,"SqlSugar.SqlSugarException: 中文提示 :  连接数据库过程中发生错误，检查服务器是否正常连接字符串是否正确，错误信息：Keyword not supported: 'port'..
English Message : Connection open error . Keyword not supported: 'port'. ",PC-20220610JUCQ,0001:CoreCms.Net.Web.WebApi, 1.0.0.0,F:\Git_Code\CoreShop\CoreCms.Net.Web.WebApi\bin\Debug\net8.0\,CoreCms.Net.Loging.NLogUtil.WriteFileLog,42,F:\Git_Code\CoreShop\CoreCms.Net.Web.WebApi\bin\Debug\net8.0,8500,CoreCms.Net.Web.WebApi,C:\Users\Desktop,AdoProvider.ExecuteErrorEvent => <>c.<AddSqlSugarSetup>b__0_1 => NLogUtil.WriteFileLog,2025-01-20 17:19:56.2824,,ERROR,logfile,,
2025/01/20 17:19:56.302,SqlSugar,执行SQL错误事件,"SqlSugar.SqlSugarException: 中文提示 :  连接数据库过程中发生错误，检查服务器是否正常连接字符串是否正确，错误信息：Keyword not supported: 'port'..
English Message : Connection open error . Keyword not supported: 'port'. ",PC-20220610JUCQ,0001:CoreCms.Net.Web.WebApi, 1.0.0.0,F:\Git_Code\CoreShop\CoreCms.Net.Web.WebApi\bin\Debug\net8.0\,CoreCms.Net.Loging.NLogUtil.WriteFileLog,43,F:\Git_Code\CoreShop\CoreCms.Net.Web.WebApi\bin\Debug\net8.0,8500,CoreCms.Net.Web.WebApi,C:\Users\Desktop,AdoProvider.ExecuteErrorEvent => <>c.<AddSqlSugarSetup>b__0_1 => NLogUtil.WriteFileLog,2025-01-20 17:19:56.3021,,ERROR,logfile,,
2025/01/20 17:20:11.014,SqlSugar,执行SQL错误事件,"SqlSugar.SqlSugarException: 中文提示 :  连接数据库过程中发生错误，检查服务器是否正常连接字符串是否正确，错误信息：Keyword not supported: 'port'..
English Message : Connection open error . Keyword not supported: 'port'. ",PC-20220610JUCQ,0001:CoreCms.Net.Web.WebApi, 1.0.0.0,F:\Git_Code\CoreShop\CoreCms.Net.Web.WebApi\bin\Debug\net8.0\,CoreCms.Net.Loging.NLogUtil.WriteFileLog,44,F:\Git_Code\CoreShop\CoreCms.Net.Web.WebApi\bin\Debug\net8.0,8500,CoreCms.Net.Web.WebApi,C:\Users\Desktop,AdoProvider.ExecuteErrorEvent => <>c.<AddSqlSugarSetup>b__0_1 => NLogUtil.WriteFileLog,2025-01-20 17:20:11.0140,,ERROR,logfile,,
2025/01/20 17:20:11.045,SqlSugar,执行SQL错误事件,"SqlSugar.SqlSugarException: 中文提示 :  连接数据库过程中发生错误，检查服务器是否正常连接字符串是否正确，错误信息：Keyword not supported: 'port'..
English Message : Connection open error . Keyword not supported: 'port'. ",PC-20220610JUCQ,0001:CoreCms.Net.Web.WebApi, 1.0.0.0,F:\Git_Code\CoreShop\CoreCms.Net.Web.WebApi\bin\Debug\net8.0\,CoreCms.Net.Loging.NLogUtil.WriteFileLog,45,F:\Git_Code\CoreShop\CoreCms.Net.Web.WebApi\bin\Debug\net8.0,8500,CoreCms.Net.Web.WebApi,C:\Users\Desktop,AdoProvider.ExecuteErrorEvent => <>c.<AddSqlSugarSetup>b__0_1 => NLogUtil.WriteFileLog,2025-01-20 17:20:11.0450,,ERROR,logfile,,
2025/01/20 17:20:11.073,SqlSugar,执行SQL错误事件,"SqlSugar.SqlSugarException: 中文提示 :  连接数据库过程中发生错误，检查服务器是否正常连接字符串是否正确，错误信息：Keyword not supported: 'port'..
English Message : Connection open error . Keyword not supported: 'port'. ",PC-20220610JUCQ,0001:CoreCms.Net.Web.WebApi, 1.0.0.0,F:\Git_Code\CoreShop\CoreCms.Net.Web.WebApi\bin\Debug\net8.0\,CoreCms.Net.Loging.NLogUtil.WriteFileLog,46,F:\Git_Code\CoreShop\CoreCms.Net.Web.WebApi\bin\Debug\net8.0,8500,CoreCms.Net.Web.WebApi,C:\Users\Desktop,AdoProvider.ExecuteErrorEvent => <>c.<AddSqlSugarSetup>b__0_1 => NLogUtil.WriteFileLog,2025-01-20 17:20:11.0735,,ERROR,logfile,,
2025/01/20 17:20:11.281,SqlSugar,执行SQL错误事件,"SqlSugar.SqlSugarException: 中文提示 :  连接数据库过程中发生错误，检查服务器是否正常连接字符串是否正确，错误信息：Keyword not supported: 'port'..
English Message : Connection open error . Keyword not supported: 'port'. ",PC-20220610JUCQ,0001:CoreCms.Net.Web.WebApi, 1.0.0.0,F:\Git_Code\CoreShop\CoreCms.Net.Web.WebApi\bin\Debug\net8.0\,CoreCms.Net.Loging.NLogUtil.WriteFileLog,47,F:\Git_Code\CoreShop\CoreCms.Net.Web.WebApi\bin\Debug\net8.0,8500,CoreCms.Net.Web.WebApi,C:\Users\Desktop,AdoProvider.ExecuteErrorEvent => <>c.<AddSqlSugarSetup>b__0_1 => NLogUtil.WriteFileLog,2025-01-20 17:20:11.2818,,ERROR,logfile,,
2025/01/20 17:20:11.301,SqlSugar,执行SQL错误事件,"SqlSugar.SqlSugarException: 中文提示 :  连接数据库过程中发生错误，检查服务器是否正常连接字符串是否正确，错误信息：Keyword not supported: 'port'..
English Message : Connection open error . Keyword not supported: 'port'. ",PC-20220610JUCQ,0001:CoreCms.Net.Web.WebApi, 1.0.0.0,F:\Git_Code\CoreShop\CoreCms.Net.Web.WebApi\bin\Debug\net8.0\,CoreCms.Net.Loging.NLogUtil.WriteFileLog,48,F:\Git_Code\CoreShop\CoreCms.Net.Web.WebApi\bin\Debug\net8.0,8500,CoreCms.Net.Web.WebApi,C:\Users\Desktop,AdoProvider.ExecuteErrorEvent => <>c.<AddSqlSugarSetup>b__0_1 => NLogUtil.WriteFileLog,2025-01-20 17:20:11.3016,,ERROR,logfile,,
2025/01/20 17:20:41.338,SqlSugar,执行SQL错误事件,"SqlSugar.SqlSugarException: 中文提示 :  连接数据库过程中发生错误，检查服务器是否正常连接字符串是否正确，错误信息：Keyword not supported: 'port'..
English Message : Connection open error . Keyword not supported: 'port'. ",PC-20220610JUCQ,0001:CoreCms.Net.Web.WebApi, 1.0.0.0,F:\Git_Code\CoreShop\CoreCms.Net.Web.WebApi\bin\Debug\net8.0\,CoreCms.Net.Loging.NLogUtil.WriteFileLog,49,F:\Git_Code\CoreShop\CoreCms.Net.Web.WebApi\bin\Debug\net8.0,8500,CoreCms.Net.Web.WebApi,C:\Users\Desktop,AdoProvider.ExecuteErrorEvent => <>c.<AddSqlSugarSetup>b__0_1 => NLogUtil.WriteFileLog,2025-01-20 17:20:41.3388,,ERROR,logfile,,
2025/01/20 17:20:41.359,SqlSugar,执行SQL错误事件,"SqlSugar.SqlSugarException: 中文提示 :  连接数据库过程中发生错误，检查服务器是否正常连接字符串是否正确，错误信息：Keyword not supported: 'port'..
English Message : Connection open error . Keyword not supported: 'port'. ",PC-20220610JUCQ,0001:CoreCms.Net.Web.WebApi, 1.0.0.0,F:\Git_Code\CoreShop\CoreCms.Net.Web.WebApi\bin\Debug\net8.0\,CoreCms.Net.Loging.NLogUtil.WriteFileLog,50,F:\Git_Code\CoreShop\CoreCms.Net.Web.WebApi\bin\Debug\net8.0,8500,CoreCms.Net.Web.WebApi,C:\Users\Desktop,AdoProvider.ExecuteErrorEvent => <>c.<AddSqlSugarSetup>b__0_1 => NLogUtil.WriteFileLog,2025-01-20 17:20:41.3590,,ERROR,logfile,,
2025/01/20 17:20:41.394,SqlSugar,执行SQL错误事件,"SqlSugar.SqlSugarException: 中文提示 :  连接数据库过程中发生错误，检查服务器是否正常连接字符串是否正确，错误信息：Keyword not supported: 'port'..
English Message : Connection open error . Keyword not supported: 'port'. ",PC-20220610JUCQ,0001:CoreCms.Net.Web.WebApi, 1.0.0.0,F:\Git_Code\CoreShop\CoreCms.Net.Web.WebApi\bin\Debug\net8.0\,CoreCms.Net.Loging.NLogUtil.WriteFileLog,51,F:\Git_Code\CoreShop\CoreCms.Net.Web.WebApi\bin\Debug\net8.0,8500,CoreCms.Net.Web.WebApi,C:\Users\Desktop,AdoProvider.ExecuteErrorEvent => <>c.<AddSqlSugarSetup>b__0_1 => NLogUtil.WriteFileLog,2025-01-20 17:20:41.3944,,ERROR,logfile,,
2025/01/20 17:20:41.414,SqlSugar,执行SQL错误事件,"SqlSugar.SqlSugarException: 中文提示 :  连接数据库过程中发生错误，检查服务器是否正常连接字符串是否正确，错误信息：Keyword not supported: 'port'..
English Message : Connection open error . Keyword not supported: 'port'. ",PC-20220610JUCQ,0001:CoreCms.Net.Web.WebApi, 1.0.0.0,F:\Git_Code\CoreShop\CoreCms.Net.Web.WebApi\bin\Debug\net8.0\,CoreCms.Net.Loging.NLogUtil.WriteFileLog,52,F:\Git_Code\CoreShop\CoreCms.Net.Web.WebApi\bin\Debug\net8.0,8500,CoreCms.Net.Web.WebApi,C:\Users\Desktop,AdoProvider.ExecuteErrorEvent => <>c.<AddSqlSugarSetup>b__0_1 => NLogUtil.WriteFileLog,2025-01-20 17:20:41.4148,,ERROR,logfile,,
2025/01/20 17:20:56.394,SqlSugar,执行SQL错误事件,"SqlSugar.SqlSugarException: 中文提示 :  连接数据库过程中发生错误，检查服务器是否正常连接字符串是否正确，错误信息：Keyword not supported: 'port'..
English Message : Connection open error . Keyword not supported: 'port'. ",PC-20220610JUCQ,0001:CoreCms.Net.Web.WebApi, 1.0.0.0,F:\Git_Code\CoreShop\CoreCms.Net.Web.WebApi\bin\Debug\net8.0\,CoreCms.Net.Loging.NLogUtil.WriteFileLog,53,F:\Git_Code\CoreShop\CoreCms.Net.Web.WebApi\bin\Debug\net8.0,8500,CoreCms.Net.Web.WebApi,C:\Users\Desktop,AdoProvider.ExecuteErrorEvent => <>c.<AddSqlSugarSetup>b__0_1 => NLogUtil.WriteFileLog,2025-01-20 17:20:56.3948,,ERROR,logfile,,
2025/01/20 17:20:56.426,SqlSugar,执行SQL错误事件,"SqlSugar.SqlSugarException: 中文提示 :  连接数据库过程中发生错误，检查服务器是否正常连接字符串是否正确，错误信息：Keyword not supported: 'port'..
English Message : Connection open error . Keyword not supported: 'port'. ",PC-20220610JUCQ,0001:CoreCms.Net.Web.WebApi, 1.0.0.0,F:\Git_Code\CoreShop\CoreCms.Net.Web.WebApi\bin\Debug\net8.0\,CoreCms.Net.Loging.NLogUtil.WriteFileLog,54,F:\Git_Code\CoreShop\CoreCms.Net.Web.WebApi\bin\Debug\net8.0,8500,CoreCms.Net.Web.WebApi,C:\Users\Desktop,AdoProvider.ExecuteErrorEvent => <>c.<AddSqlSugarSetup>b__0_1 => NLogUtil.WriteFileLog,2025-01-20 17:20:56.4263,,ERROR,logfile,,
2025/01/20 17:20:56.426,SqlSugar,执行SQL错误事件,"SqlSugar.SqlSugarException: 中文提示 :  连接数据库过程中发生错误，检查服务器是否正常连接字符串是否正确，错误信息：Keyword not supported: 'port'..
English Message : Connection open error . Keyword not supported: 'port'. ",PC-20220610JUCQ,0001:CoreCms.Net.Web.WebApi, 1.0.0.0,F:\Git_Code\CoreShop\CoreCms.Net.Web.WebApi\bin\Debug\net8.0\,CoreCms.Net.Loging.NLogUtil.WriteFileLog,55,F:\Git_Code\CoreShop\CoreCms.Net.Web.WebApi\bin\Debug\net8.0,8500,CoreCms.Net.Web.WebApi,C:\Users\Desktop,AdoProvider.ExecuteErrorEvent => <>c.<AddSqlSugarSetup>b__0_1 => NLogUtil.WriteFileLog,2025-01-20 17:20:56.4263,,ERROR,logfile,,
2025/01/20 17:21:11.426,SqlSugar,执行SQL错误事件,"SqlSugar.SqlSugarException: 中文提示 :  连接数据库过程中发生错误，检查服务器是否正常连接字符串是否正确，错误信息：Keyword not supported: 'port'..
English Message : Connection open error . Keyword not supported: 'port'. ",PC-20220610JUCQ,0001:CoreCms.Net.Web.WebApi, 1.0.0.0,F:\Git_Code\CoreShop\CoreCms.Net.Web.WebApi\bin\Debug\net8.0\,CoreCms.Net.Loging.NLogUtil.WriteFileLog,56,F:\Git_Code\CoreShop\CoreCms.Net.Web.WebApi\bin\Debug\net8.0,8500,CoreCms.Net.Web.WebApi,C:\Users\Desktop,AdoProvider.ExecuteErrorEvent => <>c.<AddSqlSugarSetup>b__0_1 => NLogUtil.WriteFileLog,2025-01-20 17:21:11.4267,,ERROR,logfile,,
2025/01/20 17:21:26.470,SqlSugar,执行SQL错误事件,"SqlSugar.SqlSugarException: 中文提示 :  连接数据库过程中发生错误，检查服务器是否正常连接字符串是否正确，错误信息：Keyword not supported: 'port'..
English Message : Connection open error . Keyword not supported: 'port'. ",PC-20220610JUCQ,0001:CoreCms.Net.Web.WebApi, 1.0.0.0,F:\Git_Code\CoreShop\CoreCms.Net.Web.WebApi\bin\Debug\net8.0\,CoreCms.Net.Loging.NLogUtil.WriteFileLog,57,F:\Git_Code\CoreShop\CoreCms.Net.Web.WebApi\bin\Debug\net8.0,8500,CoreCms.Net.Web.WebApi,C:\Users\Desktop,AdoProvider.ExecuteErrorEvent => <>c.<AddSqlSugarSetup>b__0_1 => NLogUtil.WriteFileLog,2025-01-20 17:21:26.4703,,ERROR,logfile,,
2025/01/20 17:21:41.503,SqlSugar,执行SQL错误事件,"SqlSugar.SqlSugarException: 中文提示 :  连接数据库过程中发生错误，检查服务器是否正常连接字符串是否正确，错误信息：Keyword not supported: 'port'..
English Message : Connection open error . Keyword not supported: 'port'. ",PC-20220610JUCQ,0001:CoreCms.Net.Web.WebApi, 1.0.0.0,F:\Git_Code\CoreShop\CoreCms.Net.Web.WebApi\bin\Debug\net8.0\,CoreCms.Net.Loging.NLogUtil.WriteFileLog,58,F:\Git_Code\CoreShop\CoreCms.Net.Web.WebApi\bin\Debug\net8.0,8500,CoreCms.Net.Web.WebApi,C:\Users\Desktop,AdoProvider.ExecuteErrorEvent => <>c.<AddSqlSugarSetup>b__0_1 => NLogUtil.WriteFileLog,2025-01-20 17:21:41.5036,,ERROR,logfile,,
2025/01/20 17:21:56.534,SqlSugar,执行SQL错误事件,"SqlSugar.SqlSugarException: 中文提示 :  连接数据库过程中发生错误，检查服务器是否正常连接字符串是否正确，错误信息：Keyword not supported: 'port'..
English Message : Connection open error . Keyword not supported: 'port'. ",PC-20220610JUCQ,0001:CoreCms.Net.Web.WebApi, 1.0.0.0,F:\Git_Code\CoreShop\CoreCms.Net.Web.WebApi\bin\Debug\net8.0\,CoreCms.Net.Loging.NLogUtil.WriteFileLog,59,F:\Git_Code\CoreShop\CoreCms.Net.Web.WebApi\bin\Debug\net8.0,8500,CoreCms.Net.Web.WebApi,C:\Users\Desktop,AdoProvider.ExecuteErrorEvent => <>c.<AddSqlSugarSetup>b__0_1 => NLogUtil.WriteFileLog,2025-01-20 17:21:56.5340,,ERROR,logfile,,
2025/01/20 17:21:56.559,SqlSugar,执行SQL错误事件,"SqlSugar.SqlSugarException: 中文提示 :  连接数据库过程中发生错误，检查服务器是否正常连接字符串是否正确，错误信息：Keyword not supported: 'port'..
English Message : Connection open error . Keyword not supported: 'port'. ",PC-20220610JUCQ,0001:CoreCms.Net.Web.WebApi, 1.0.0.0,F:\Git_Code\CoreShop\CoreCms.Net.Web.WebApi\bin\Debug\net8.0\,CoreCms.Net.Loging.NLogUtil.WriteFileLog,60,F:\Git_Code\CoreShop\CoreCms.Net.Web.WebApi\bin\Debug\net8.0,8500,CoreCms.Net.Web.WebApi,C:\Users\Desktop,AdoProvider.ExecuteErrorEvent => <>c.<AddSqlSugarSetup>b__0_1 => NLogUtil.WriteFileLog,2025-01-20 17:21:56.5591,,ERROR,logfile,,
2025/01/20 17:21:56.583,SqlSugar,执行SQL错误事件,"SqlSugar.SqlSugarException: 中文提示 :  连接数据库过程中发生错误，检查服务器是否正常连接字符串是否正确，错误信息：Keyword not supported: 'port'..
English Message : Connection open error . Keyword not supported: 'port'. ",PC-20220610JUCQ,0001:CoreCms.Net.Web.WebApi, 1.0.0.0,F:\Git_Code\CoreShop\CoreCms.Net.Web.WebApi\bin\Debug\net8.0\,CoreCms.Net.Loging.NLogUtil.WriteFileLog,61,F:\Git_Code\CoreShop\CoreCms.Net.Web.WebApi\bin\Debug\net8.0,8500,CoreCms.Net.Web.WebApi,C:\Users\Desktop,AdoProvider.ExecuteErrorEvent => <>c.<AddSqlSugarSetup>b__0_1 => NLogUtil.WriteFileLog,2025-01-20 17:21:56.5833,,ERROR,logfile,,
2025/01/20 17:21:56.603,SqlSugar,执行SQL错误事件,"SqlSugar.SqlSugarException: 中文提示 :  连接数据库过程中发生错误，检查服务器是否正常连接字符串是否正确，错误信息：Keyword not supported: 'port'..
English Message : Connection open error . Keyword not supported: 'port'. ",PC-20220610JUCQ,0001:CoreCms.Net.Web.WebApi, 1.0.0.0,F:\Git_Code\CoreShop\CoreCms.Net.Web.WebApi\bin\Debug\net8.0\,CoreCms.Net.Loging.NLogUtil.WriteFileLog,62,F:\Git_Code\CoreShop\CoreCms.Net.Web.WebApi\bin\Debug\net8.0,8500,CoreCms.Net.Web.WebApi,C:\Users\Desktop,AdoProvider.ExecuteErrorEvent => <>c.<AddSqlSugarSetup>b__0_1 => NLogUtil.WriteFileLog,2025-01-20 17:21:56.6031,,ERROR,logfile,,
2025/01/20 17:22:11.252,SqlSugar,执行SQL错误事件,"SqlSugar.SqlSugarException: 中文提示 :  连接数据库过程中发生错误，检查服务器是否正常连接字符串是否正确，错误信息：Keyword not supported: 'port'..
English Message : Connection open error . Keyword not supported: 'port'. ",PC-20220610JUCQ,0001:CoreCms.Net.Web.WebApi, 1.0.0.0,F:\Git_Code\CoreShop\CoreCms.Net.Web.WebApi\bin\Debug\net8.0\,CoreCms.Net.Loging.NLogUtil.WriteFileLog,63,F:\Git_Code\CoreShop\CoreCms.Net.Web.WebApi\bin\Debug\net8.0,8500,CoreCms.Net.Web.WebApi,C:\Users\Desktop,AdoProvider.ExecuteErrorEvent => <>c.<AddSqlSugarSetup>b__0_1 => NLogUtil.WriteFileLog,2025-01-20 17:22:11.2522,,ERROR,logfile,,
2025/01/20 17:22:26.620,SqlSugar,执行SQL错误事件,"SqlSugar.SqlSugarException: 中文提示 :  连接数据库过程中发生错误，检查服务器是否正常连接字符串是否正确，错误信息：Keyword not supported: 'port'..
English Message : Connection open error . Keyword not supported: 'port'. ",PC-20220610JUCQ,0001:CoreCms.Net.Web.WebApi, 1.0.0.0,F:\Git_Code\CoreShop\CoreCms.Net.Web.WebApi\bin\Debug\net8.0\,CoreCms.Net.Loging.NLogUtil.WriteFileLog,64,F:\Git_Code\CoreShop\CoreCms.Net.Web.WebApi\bin\Debug\net8.0,8500,CoreCms.Net.Web.WebApi,C:\Users\Desktop,AdoProvider.ExecuteErrorEvent => <>c.<AddSqlSugarSetup>b__0_1 => NLogUtil.WriteFileLog,2025-01-20 17:22:26.6205,,ERROR,logfile,,
2025/01/20 17:22:26.641,SqlSugar,执行SQL错误事件,"SqlSugar.SqlSugarException: 中文提示 :  连接数据库过程中发生错误，检查服务器是否正常连接字符串是否正确，错误信息：Keyword not supported: 'port'..
English Message : Connection open error . Keyword not supported: 'port'. ",PC-20220610JUCQ,0001:CoreCms.Net.Web.WebApi, 1.0.0.0,F:\Git_Code\CoreShop\CoreCms.Net.Web.WebApi\bin\Debug\net8.0\,CoreCms.Net.Loging.NLogUtil.WriteFileLog,65,F:\Git_Code\CoreShop\CoreCms.Net.Web.WebApi\bin\Debug\net8.0,8500,CoreCms.Net.Web.WebApi,C:\Users\Desktop,AdoProvider.ExecuteErrorEvent => <>c.<AddSqlSugarSetup>b__0_1 => NLogUtil.WriteFileLog,2025-01-20 17:22:26.6419,,ERROR,logfile,,
2025/01/20 17:22:41.665,SqlSugar,执行SQL错误事件,"SqlSugar.SqlSugarException: 中文提示 :  连接数据库过程中发生错误，检查服务器是否正常连接字符串是否正确，错误信息：Keyword not supported: 'port'..
English Message : Connection open error . Keyword not supported: 'port'. ",PC-20220610JUCQ,0001:CoreCms.Net.Web.WebApi, 1.0.0.0,F:\Git_Code\CoreShop\CoreCms.Net.Web.WebApi\bin\Debug\net8.0\,CoreCms.Net.Loging.NLogUtil.WriteFileLog,66,F:\Git_Code\CoreShop\CoreCms.Net.Web.WebApi\bin\Debug\net8.0,8500,CoreCms.Net.Web.WebApi,C:\Users\Desktop,AdoProvider.ExecuteErrorEvent => <>c.<AddSqlSugarSetup>b__0_1 => NLogUtil.WriteFileLog,2025-01-20 17:22:41.6653,,ERROR,logfile,,
2025/01/20 17:22:41.693,SqlSugar,执行SQL错误事件,"SqlSugar.SqlSugarException: 中文提示 :  连接数据库过程中发生错误，检查服务器是否正常连接字符串是否正确，错误信息：Keyword not supported: 'port'..
English Message : Connection open error . Keyword not supported: 'port'. ",PC-20220610JUCQ,0001:CoreCms.Net.Web.WebApi, 1.0.0.0,F:\Git_Code\CoreShop\CoreCms.Net.Web.WebApi\bin\Debug\net8.0\,CoreCms.Net.Loging.NLogUtil.WriteFileLog,67,F:\Git_Code\CoreShop\CoreCms.Net.Web.WebApi\bin\Debug\net8.0,8500,CoreCms.Net.Web.WebApi,C:\Users\Desktop,AdoProvider.ExecuteErrorEvent => <>c.<AddSqlSugarSetup>b__0_1 => NLogUtil.WriteFileLog,2025-01-20 17:22:41.6937,,ERROR,logfile,,
2025/01/20 17:22:41.693,SqlSugar,执行SQL错误事件,"SqlSugar.SqlSugarException: 中文提示 :  连接数据库过程中发生错误，检查服务器是否正常连接字符串是否正确，错误信息：Keyword not supported: 'port'..
English Message : Connection open error . Keyword not supported: 'port'. ",PC-20220610JUCQ,0001:CoreCms.Net.Web.WebApi, 1.0.0.0,F:\Git_Code\CoreShop\CoreCms.Net.Web.WebApi\bin\Debug\net8.0\,CoreCms.Net.Loging.NLogUtil.WriteFileLog,68,F:\Git_Code\CoreShop\CoreCms.Net.Web.WebApi\bin\Debug\net8.0,8500,CoreCms.Net.Web.WebApi,C:\Users\Desktop,AdoProvider.ExecuteErrorEvent => <>c.<AddSqlSugarSetup>b__0_1 => NLogUtil.WriteFileLog,2025-01-20 17:22:41.6937,,ERROR,logfile,,
2025/01/20 17:22:41.715,SqlSugar,执行SQL错误事件,"SqlSugar.SqlSugarException: 中文提示 :  连接数据库过程中发生错误，检查服务器是否正常连接字符串是否正确，错误信息：Keyword not supported: 'port'..
English Message : Connection open error . Keyword not supported: 'port'. ",PC-20220610JUCQ,0001:CoreCms.Net.Web.WebApi, 1.0.0.0,F:\Git_Code\CoreShop\CoreCms.Net.Web.WebApi\bin\Debug\net8.0\,CoreCms.Net.Loging.NLogUtil.WriteFileLog,69,F:\Git_Code\CoreShop\CoreCms.Net.Web.WebApi\bin\Debug\net8.0,8500,CoreCms.Net.Web.WebApi,C:\Users\Desktop,AdoProvider.ExecuteErrorEvent => <>c.<AddSqlSugarSetup>b__0_1 => NLogUtil.WriteFileLog,2025-01-20 17:22:41.7151,,ERROR,logfile,,
2025/01/20 17:22:56.719,SqlSugar,执行SQL错误事件,"SqlSugar.SqlSugarException: 中文提示 :  连接数据库过程中发生错误，检查服务器是否正常连接字符串是否正确，错误信息：Keyword not supported: 'port'..
English Message : Connection open error . Keyword not supported: 'port'. ",PC-20220610JUCQ,0001:CoreCms.Net.Web.WebApi, 1.0.0.0,F:\Git_Code\CoreShop\CoreCms.Net.Web.WebApi\bin\Debug\net8.0\,CoreCms.Net.Loging.NLogUtil.WriteFileLog,70,F:\Git_Code\CoreShop\CoreCms.Net.Web.WebApi\bin\Debug\net8.0,8500,CoreCms.Net.Web.WebApi,C:\Users\Desktop,AdoProvider.ExecuteErrorEvent => <>c.<AddSqlSugarSetup>b__0_1 => NLogUtil.WriteFileLog,2025-01-20 17:22:56.7194,,ERROR,logfile,,
2025/01/20 17:23:11.750,SqlSugar,执行SQL错误事件,"SqlSugar.SqlSugarException: 中文提示 :  连接数据库过程中发生错误，检查服务器是否正常连接字符串是否正确，错误信息：Keyword not supported: 'port'..
English Message : Connection open error . Keyword not supported: 'port'. ",PC-20220610JUCQ,0001:CoreCms.Net.Web.WebApi, 1.0.0.0,F:\Git_Code\CoreShop\CoreCms.Net.Web.WebApi\bin\Debug\net8.0\,CoreCms.Net.Loging.NLogUtil.WriteFileLog,71,F:\Git_Code\CoreShop\CoreCms.Net.Web.WebApi\bin\Debug\net8.0,8500,CoreCms.Net.Web.WebApi,C:\Users\Desktop,AdoProvider.ExecuteErrorEvent => <>c.<AddSqlSugarSetup>b__0_1 => NLogUtil.WriteFileLog,2025-01-20 17:23:11.7505,,ERROR,logfile,,
2025/01/20 17:23:26.796,SqlSugar,执行SQL错误事件,"SqlSugar.SqlSugarException: 中文提示 :  连接数据库过程中发生错误，检查服务器是否正常连接字符串是否正确，错误信息：Keyword not supported: 'port'..
English Message : Connection open error . Keyword not supported: 'port'. ",PC-20220610JUCQ,0001:CoreCms.Net.Web.WebApi, 1.0.0.0,F:\Git_Code\CoreShop\CoreCms.Net.Web.WebApi\bin\Debug\net8.0\,CoreCms.Net.Loging.NLogUtil.WriteFileLog,72,F:\Git_Code\CoreShop\CoreCms.Net.Web.WebApi\bin\Debug\net8.0,8500,CoreCms.Net.Web.WebApi,C:\Users\Desktop,AdoProvider.ExecuteErrorEvent => <>c.<AddSqlSugarSetup>b__0_1 => NLogUtil.WriteFileLog,2025-01-20 17:23:26.7966,,ERROR,logfile,,
2025/01/20 17:23:26.838,SqlSugar,执行SQL错误事件,"SqlSugar.SqlSugarException: 中文提示 :  连接数据库过程中发生错误，检查服务器是否正常连接字符串是否正确，错误信息：Keyword not supported: 'port'..
English Message : Connection open error . Keyword not supported: 'port'. ",PC-20220610JUCQ,0001:CoreCms.Net.Web.WebApi, 1.0.0.0,F:\Git_Code\CoreShop\CoreCms.Net.Web.WebApi\bin\Debug\net8.0\,CoreCms.Net.Loging.NLogUtil.WriteFileLog,73,F:\Git_Code\CoreShop\CoreCms.Net.Web.WebApi\bin\Debug\net8.0,8500,CoreCms.Net.Web.WebApi,C:\Users\Desktop,AdoProvider.ExecuteErrorEvent => <>c.<AddSqlSugarSetup>b__0_1 => NLogUtil.WriteFileLog,2025-01-20 17:23:26.8385,,ERROR,logfile,,
2025/01/20 17:23:56.876,SqlSugar,执行SQL错误事件,"SqlSugar.SqlSugarException: 中文提示 :  连接数据库过程中发生错误，检查服务器是否正常连接字符串是否正确，错误信息：Keyword not supported: 'port'..
English Message : Connection open error . Keyword not supported: 'port'. ",PC-20220610JUCQ,0001:CoreCms.Net.Web.WebApi, 1.0.0.0,F:\Git_Code\CoreShop\CoreCms.Net.Web.WebApi\bin\Debug\net8.0\,CoreCms.Net.Loging.NLogUtil.WriteFileLog,74,F:\Git_Code\CoreShop\CoreCms.Net.Web.WebApi\bin\Debug\net8.0,8500,CoreCms.Net.Web.WebApi,C:\Users\Desktop,AdoProvider.ExecuteErrorEvent => <>c.<AddSqlSugarSetup>b__0_1 => NLogUtil.WriteFileLog,2025-01-20 17:23:56.8764,,ERROR,logfile,,
2025/01/20 17:23:56.888,SqlSugar,执行SQL错误事件,"SqlSugar.SqlSugarException: 中文提示 :  连接数据库过程中发生错误，检查服务器是否正常连接字符串是否正确，错误信息：Keyword not supported: 'port'..
English Message : Connection open error . Keyword not supported: 'port'. ",PC-20220610JUCQ,0001:CoreCms.Net.Web.WebApi, 1.0.0.0,F:\Git_Code\CoreShop\CoreCms.Net.Web.WebApi\bin\Debug\net8.0\,CoreCms.Net.Loging.NLogUtil.WriteFileLog,75,F:\Git_Code\CoreShop\CoreCms.Net.Web.WebApi\bin\Debug\net8.0,8500,CoreCms.Net.Web.WebApi,C:\Users\Desktop,AdoProvider.ExecuteErrorEvent => <>c.<AddSqlSugarSetup>b__0_1 => NLogUtil.WriteFileLog,2025-01-20 17:23:56.8884,,ERROR,logfile,,
2025/01/20 17:24:11.497,SqlSugar,执行SQL错误事件,"SqlSugar.SqlSugarException: 中文提示 :  连接数据库过程中发生错误，检查服务器是否正常连接字符串是否正确，错误信息：Keyword not supported: 'port'..
English Message : Connection open error . Keyword not supported: 'port'. ",PC-20220610JUCQ,0001:CoreCms.Net.Web.WebApi, 1.0.0.0,F:\Git_Code\CoreShop\CoreCms.Net.Web.WebApi\bin\Debug\net8.0\,CoreCms.Net.Loging.NLogUtil.WriteFileLog,76,F:\Git_Code\CoreShop\CoreCms.Net.Web.WebApi\bin\Debug\net8.0,8500,CoreCms.Net.Web.WebApi,C:\Users\Desktop,AdoProvider.ExecuteErrorEvent => <>c.<AddSqlSugarSetup>b__0_1 => NLogUtil.WriteFileLog,2025-01-20 17:24:11.4979,,ERROR,logfile,,
2025/01/20 17:24:26.910,SqlSugar,执行SQL错误事件,"SqlSugar.SqlSugarException: 中文提示 :  连接数据库过程中发生错误，检查服务器是否正常连接字符串是否正确，错误信息：Keyword not supported: 'port'..
English Message : Connection open error . Keyword not supported: 'port'. ",PC-20220610JUCQ,0001:CoreCms.Net.Web.WebApi, 1.0.0.0,F:\Git_Code\CoreShop\CoreCms.Net.Web.WebApi\bin\Debug\net8.0\,CoreCms.Net.Loging.NLogUtil.WriteFileLog,77,F:\Git_Code\CoreShop\CoreCms.Net.Web.WebApi\bin\Debug\net8.0,8500,CoreCms.Net.Web.WebApi,C:\Users\Desktop,AdoProvider.ExecuteErrorEvent => <>c.<AddSqlSugarSetup>b__0_1 => NLogUtil.WriteFileLog,2025-01-20 17:24:26.9105,,ERROR,logfile,,
2025/01/20 17:24:26.939,SqlSugar,执行SQL错误事件,"SqlSugar.SqlSugarException: 中文提示 :  连接数据库过程中发生错误，检查服务器是否正常连接字符串是否正确，错误信息：Keyword not supported: 'port'..
English Message : Connection open error . Keyword not supported: 'port'. ",PC-20220610JUCQ,0001:CoreCms.Net.Web.WebApi, 1.0.0.0,F:\Git_Code\CoreShop\CoreCms.Net.Web.WebApi\bin\Debug\net8.0\,CoreCms.Net.Loging.NLogUtil.WriteFileLog,78,F:\Git_Code\CoreShop\CoreCms.Net.Web.WebApi\bin\Debug\net8.0,8500,CoreCms.Net.Web.WebApi,C:\Users\Desktop,AdoProvider.ExecuteErrorEvent => <>c.<AddSqlSugarSetup>b__0_1 => NLogUtil.WriteFileLog,2025-01-20 17:24:26.9398,,ERROR,logfile,,
2025/01/20 17:24:41.955,SqlSugar,执行SQL错误事件,"SqlSugar.SqlSugarException: 中文提示 :  连接数据库过程中发生错误，检查服务器是否正常连接字符串是否正确，错误信息：Keyword not supported: 'port'..
English Message : Connection open error . Keyword not supported: 'port'. ",PC-20220610JUCQ,0001:CoreCms.Net.Web.WebApi, 1.0.0.0,F:\Git_Code\CoreShop\CoreCms.Net.Web.WebApi\bin\Debug\net8.0\,CoreCms.Net.Loging.NLogUtil.WriteFileLog,79,F:\Git_Code\CoreShop\CoreCms.Net.Web.WebApi\bin\Debug\net8.0,8500,CoreCms.Net.Web.WebApi,C:\Users\Desktop,AdoProvider.ExecuteErrorEvent => <>c.<AddSqlSugarSetup>b__0_1 => NLogUtil.WriteFileLog,2025-01-20 17:24:41.9558,,ERROR,logfile,,
2025/01/20 17:24:57.002,SqlSugar,执行SQL错误事件,"SqlSugar.SqlSugarException: 中文提示 :  连接数据库过程中发生错误，检查服务器是否正常连接字符串是否正确，错误信息：Keyword not supported: 'port'..
English Message : Connection open error . Keyword not supported: 'port'. ",PC-20220610JUCQ,0001:CoreCms.Net.Web.WebApi, 1.0.0.0,F:\Git_Code\CoreShop\CoreCms.Net.Web.WebApi\bin\Debug\net8.0\,CoreCms.Net.Loging.NLogUtil.WriteFileLog,80,F:\Git_Code\CoreShop\CoreCms.Net.Web.WebApi\bin\Debug\net8.0,8500,CoreCms.Net.Web.WebApi,C:\Users\Desktop,AdoProvider.ExecuteErrorEvent => <>c.<AddSqlSugarSetup>b__0_1 => NLogUtil.WriteFileLog,2025-01-20 17:24:57.0022,,ERROR,logfile,,
2025/01/20 17:25:11.608,SqlSugar,执行SQL错误事件,"SqlSugar.SqlSugarException: 中文提示 :  连接数据库过程中发生错误，检查服务器是否正常连接字符串是否正确，错误信息：Keyword not supported: 'port'..
English Message : Connection open error . Keyword not supported: 'port'. ",PC-20220610JUCQ,0001:CoreCms.Net.Web.WebApi, 1.0.0.0,F:\Git_Code\CoreShop\CoreCms.Net.Web.WebApi\bin\Debug\net8.0\,CoreCms.Net.Loging.NLogUtil.WriteFileLog,81,F:\Git_Code\CoreShop\CoreCms.Net.Web.WebApi\bin\Debug\net8.0,8500,CoreCms.Net.Web.WebApi,C:\Users\Desktop,AdoProvider.ExecuteErrorEvent => <>c.<AddSqlSugarSetup>b__0_1 => NLogUtil.WriteFileLog,2025-01-20 17:25:11.6085,,ERROR,logfile,,
2025/01/20 17:25:11.623,SqlSugar,执行SQL错误事件,"SqlSugar.SqlSugarException: 中文提示 :  连接数据库过程中发生错误，检查服务器是否正常连接字符串是否正确，错误信息：Keyword not supported: 'port'..
English Message : Connection open error . Keyword not supported: 'port'. ",PC-20220610JUCQ,0001:CoreCms.Net.Web.WebApi, 1.0.0.0,F:\Git_Code\CoreShop\CoreCms.Net.Web.WebApi\bin\Debug\net8.0\,CoreCms.Net.Loging.NLogUtil.WriteFileLog,82,F:\Git_Code\CoreShop\CoreCms.Net.Web.WebApi\bin\Debug\net8.0,8500,CoreCms.Net.Web.WebApi,C:\Users\Desktop,AdoProvider.ExecuteErrorEvent => <>c.<AddSqlSugarSetup>b__0_1 => NLogUtil.WriteFileLog,2025-01-20 17:25:11.6232,,ERROR,logfile,,
2025/01/20 17:25:12.022,SqlSugar,执行SQL错误事件,"SqlSugar.SqlSugarException: 中文提示 :  连接数据库过程中发生错误，检查服务器是否正常连接字符串是否正确，错误信息：Keyword not supported: 'port'..
English Message : Connection open error . Keyword not supported: 'port'. ",PC-20220610JUCQ,0001:CoreCms.Net.Web.WebApi, 1.0.0.0,F:\Git_Code\CoreShop\CoreCms.Net.Web.WebApi\bin\Debug\net8.0\,CoreCms.Net.Loging.NLogUtil.WriteFileLog,83,F:\Git_Code\CoreShop\CoreCms.Net.Web.WebApi\bin\Debug\net8.0,8500,CoreCms.Net.Web.WebApi,C:\Users\Desktop,AdoProvider.ExecuteErrorEvent => <>c.<AddSqlSugarSetup>b__0_1 => NLogUtil.WriteFileLog,2025-01-20 17:25:12.0221,,ERROR,logfile,,
2025/01/20 17:25:12.051,SqlSugar,执行SQL错误事件,"SqlSugar.SqlSugarException: 中文提示 :  连接数据库过程中发生错误，检查服务器是否正常连接字符串是否正确，错误信息：Keyword not supported: 'port'..
English Message : Connection open error . Keyword not supported: 'port'. ",PC-20220610JUCQ,0001:CoreCms.Net.Web.WebApi, 1.0.0.0,F:\Git_Code\CoreShop\CoreCms.Net.Web.WebApi\bin\Debug\net8.0\,CoreCms.Net.Loging.NLogUtil.WriteFileLog,84,F:\Git_Code\CoreShop\CoreCms.Net.Web.WebApi\bin\Debug\net8.0,8500,CoreCms.Net.Web.WebApi,C:\Users\Desktop,AdoProvider.ExecuteErrorEvent => <>c.<AddSqlSugarSetup>b__0_1 => NLogUtil.WriteFileLog,2025-01-20 17:25:12.0512,,ERROR,logfile,,
2025/01/20 17:25:42.088,SqlSugar,执行SQL错误事件,"SqlSugar.SqlSugarException: 中文提示 :  连接数据库过程中发生错误，检查服务器是否正常连接字符串是否正确，错误信息：Keyword not supported: 'port'..
English Message : Connection open error . Keyword not supported: 'port'. ",PC-20220610JUCQ,0001:CoreCms.Net.Web.WebApi, 1.0.0.0,F:\Git_Code\CoreShop\CoreCms.Net.Web.WebApi\bin\Debug\net8.0\,CoreCms.Net.Loging.NLogUtil.WriteFileLog,85,F:\Git_Code\CoreShop\CoreCms.Net.Web.WebApi\bin\Debug\net8.0,8500,CoreCms.Net.Web.WebApi,C:\Users\Desktop,AdoProvider.ExecuteErrorEvent => <>c.<AddSqlSugarSetup>b__0_1 => NLogUtil.WriteFileLog,2025-01-20 17:25:42.0880,,ERROR,logfile,,
2025/01/20 17:25:42.116,SqlSugar,执行SQL错误事件,"SqlSugar.SqlSugarException: 中文提示 :  连接数据库过程中发生错误，检查服务器是否正常连接字符串是否正确，错误信息：Keyword not supported: 'port'..
English Message : Connection open error . Keyword not supported: 'port'. ",PC-20220610JUCQ,0001:CoreCms.Net.Web.WebApi, 1.0.0.0,F:\Git_Code\CoreShop\CoreCms.Net.Web.WebApi\bin\Debug\net8.0\,CoreCms.Net.Loging.NLogUtil.WriteFileLog,86,F:\Git_Code\CoreShop\CoreCms.Net.Web.WebApi\bin\Debug\net8.0,8500,CoreCms.Net.Web.WebApi,C:\Users\Desktop,AdoProvider.ExecuteErrorEvent => <>c.<AddSqlSugarSetup>b__0_1 => NLogUtil.WriteFileLog,2025-01-20 17:25:42.1162,,ERROR,logfile,,
2025/01/20 17:25:57.140,SqlSugar,执行SQL错误事件,"SqlSugar.SqlSugarException: 中文提示 :  连接数据库过程中发生错误，检查服务器是否正常连接字符串是否正确，错误信息：Keyword not supported: 'port'..
English Message : Connection open error . Keyword not supported: 'port'. ",PC-20220610JUCQ,0001:CoreCms.Net.Web.WebApi, 1.0.0.0,F:\Git_Code\CoreShop\CoreCms.Net.Web.WebApi\bin\Debug\net8.0\,CoreCms.Net.Loging.NLogUtil.WriteFileLog,87,F:\Git_Code\CoreShop\CoreCms.Net.Web.WebApi\bin\Debug\net8.0,8500,CoreCms.Net.Web.WebApi,C:\Users\Desktop,AdoProvider.ExecuteErrorEvent => <>c.<AddSqlSugarSetup>b__0_1 => NLogUtil.WriteFileLog,2025-01-20 17:25:57.1402,,ERROR,logfile,,
2025/01/20 17:26:11.745,SqlSugar,执行SQL错误事件,"SqlSugar.SqlSugarException: 中文提示 :  连接数据库过程中发生错误，检查服务器是否正常连接字符串是否正确，错误信息：Keyword not supported: 'port'..
English Message : Connection open error . Keyword not supported: 'port'. ",PC-20220610JUCQ,0001:CoreCms.Net.Web.WebApi, 1.0.0.0,F:\Git_Code\CoreShop\CoreCms.Net.Web.WebApi\bin\Debug\net8.0\,CoreCms.Net.Loging.NLogUtil.WriteFileLog,88,F:\Git_Code\CoreShop\CoreCms.Net.Web.WebApi\bin\Debug\net8.0,8500,CoreCms.Net.Web.WebApi,C:\Users\Desktop,AdoProvider.ExecuteErrorEvent => <>c.<AddSqlSugarSetup>b__0_1 => NLogUtil.WriteFileLog,2025-01-20 17:26:11.7454,,ERROR,logfile,,
2025/01/20 17:26:12.153,SqlSugar,执行SQL错误事件,"SqlSugar.SqlSugarException: 中文提示 :  连接数据库过程中发生错误，检查服务器是否正常连接字符串是否正确，错误信息：Keyword not supported: 'port'..
English Message : Connection open error . Keyword not supported: 'port'. ",PC-20220610JUCQ,0001:CoreCms.Net.Web.WebApi, 1.0.0.0,F:\Git_Code\CoreShop\CoreCms.Net.Web.WebApi\bin\Debug\net8.0\,CoreCms.Net.Loging.NLogUtil.WriteFileLog,89,F:\Git_Code\CoreShop\CoreCms.Net.Web.WebApi\bin\Debug\net8.0,8500,CoreCms.Net.Web.WebApi,C:\Users\Desktop,AdoProvider.ExecuteErrorEvent => <>c.<AddSqlSugarSetup>b__0_1 => NLogUtil.WriteFileLog,2025-01-20 17:26:12.1538,,ERROR,logfile,,
2025/01/20 17:26:12.174,SqlSugar,执行SQL错误事件,"SqlSugar.SqlSugarException: 中文提示 :  连接数据库过程中发生错误，检查服务器是否正常连接字符串是否正确，错误信息：Keyword not supported: 'port'..
English Message : Connection open error . Keyword not supported: 'port'. ",PC-20220610JUCQ,0001:CoreCms.Net.Web.WebApi, 1.0.0.0,F:\Git_Code\CoreShop\CoreCms.Net.Web.WebApi\bin\Debug\net8.0\,CoreCms.Net.Loging.NLogUtil.WriteFileLog,90,F:\Git_Code\CoreShop\CoreCms.Net.Web.WebApi\bin\Debug\net8.0,8500,CoreCms.Net.Web.WebApi,C:\Users\Desktop,AdoProvider.ExecuteErrorEvent => <>c.<AddSqlSugarSetup>b__0_1 => NLogUtil.WriteFileLog,2025-01-20 17:26:12.1741,,ERROR,logfile,,
2025/01/20 17:26:27.217,SqlSugar,执行SQL错误事件,"SqlSugar.SqlSugarException: 中文提示 :  连接数据库过程中发生错误，检查服务器是否正常连接字符串是否正确，错误信息：Keyword not supported: 'port'..
English Message : Connection open error . Keyword not supported: 'port'. ",PC-20220610JUCQ,0001:CoreCms.Net.Web.WebApi, 1.0.0.0,F:\Git_Code\CoreShop\CoreCms.Net.Web.WebApi\bin\Debug\net8.0\,CoreCms.Net.Loging.NLogUtil.WriteFileLog,91,F:\Git_Code\CoreShop\CoreCms.Net.Web.WebApi\bin\Debug\net8.0,8500,CoreCms.Net.Web.WebApi,C:\Users\Desktop,AdoProvider.ExecuteErrorEvent => <>c.<AddSqlSugarSetup>b__0_1 => NLogUtil.WriteFileLog,2025-01-20 17:26:27.2177,,ERROR,logfile,,
2025/01/20 17:26:27.244,SqlSugar,执行SQL错误事件,"SqlSugar.SqlSugarException: 中文提示 :  连接数据库过程中发生错误，检查服务器是否正常连接字符串是否正确，错误信息：Keyword not supported: 'port'..
English Message : Connection open error . Keyword not supported: 'port'. ",PC-20220610JUCQ,0001:CoreCms.Net.Web.WebApi, 1.0.0.0,F:\Git_Code\CoreShop\CoreCms.Net.Web.WebApi\bin\Debug\net8.0\,CoreCms.Net.Loging.NLogUtil.WriteFileLog,92,F:\Git_Code\CoreShop\CoreCms.Net.Web.WebApi\bin\Debug\net8.0,8500,CoreCms.Net.Web.WebApi,C:\Users\Desktop,AdoProvider.ExecuteErrorEvent => <>c.<AddSqlSugarSetup>b__0_1 => NLogUtil.WriteFileLog,2025-01-20 17:26:27.2447,,ERROR,logfile,,
2025/01/20 17:26:42.253,SqlSugar,执行SQL错误事件,"SqlSugar.SqlSugarException: 中文提示 :  连接数据库过程中发生错误，检查服务器是否正常连接字符串是否正确，错误信息：Keyword not supported: 'port'..
English Message : Connection open error . Keyword not supported: 'port'. ",PC-20220610JUCQ,0001:CoreCms.Net.Web.WebApi, 1.0.0.0,F:\Git_Code\CoreShop\CoreCms.Net.Web.WebApi\bin\Debug\net8.0\,CoreCms.Net.Loging.NLogUtil.WriteFileLog,93,F:\Git_Code\CoreShop\CoreCms.Net.Web.WebApi\bin\Debug\net8.0,8500,CoreCms.Net.Web.WebApi,C:\Users\Desktop,AdoProvider.ExecuteErrorEvent => <>c.<AddSqlSugarSetup>b__0_1 => NLogUtil.WriteFileLog,2025-01-20 17:26:42.2536,,ERROR,logfile,,
2025/01/20 17:26:42.283,SqlSugar,执行SQL错误事件,"SqlSugar.SqlSugarException: 中文提示 :  连接数据库过程中发生错误，检查服务器是否正常连接字符串是否正确，错误信息：Keyword not supported: 'port'..
English Message : Connection open error . Keyword not supported: 'port'. ",PC-20220610JUCQ,0001:CoreCms.Net.Web.WebApi, 1.0.0.0,F:\Git_Code\CoreShop\CoreCms.Net.Web.WebApi\bin\Debug\net8.0\,CoreCms.Net.Loging.NLogUtil.WriteFileLog,94,F:\Git_Code\CoreShop\CoreCms.Net.Web.WebApi\bin\Debug\net8.0,8500,CoreCms.Net.Web.WebApi,C:\Users\Desktop,AdoProvider.ExecuteErrorEvent => <>c.<AddSqlSugarSetup>b__0_1 => NLogUtil.WriteFileLog,2025-01-20 17:26:42.2836,,ERROR,logfile,,
2025/01/20 17:26:57.282,SqlSugar,执行SQL错误事件,"SqlSugar.SqlSugarException: 中文提示 :  连接数据库过程中发生错误，检查服务器是否正常连接字符串是否正确，错误信息：Keyword not supported: 'port'..
English Message : Connection open error . Keyword not supported: 'port'. ",PC-20220610JUCQ,0001:CoreCms.Net.Web.WebApi, 1.0.0.0,F:\Git_Code\CoreShop\CoreCms.Net.Web.WebApi\bin\Debug\net8.0\,CoreCms.Net.Loging.NLogUtil.WriteFileLog,95,F:\Git_Code\CoreShop\CoreCms.Net.Web.WebApi\bin\Debug\net8.0,8500,CoreCms.Net.Web.WebApi,C:\Users\Desktop,AdoProvider.ExecuteErrorEvent => <>c.<AddSqlSugarSetup>b__0_1 => NLogUtil.WriteFileLog,2025-01-20 17:26:57.2820,,ERROR,logfile,,
2025/01/20 17:27:27.376,SqlSugar,执行SQL错误事件,"SqlSugar.SqlSugarException: 中文提示 :  连接数据库过程中发生错误，检查服务器是否正常连接字符串是否正确，错误信息：Keyword not supported: 'port'..
English Message : Connection open error . Keyword not supported: 'port'. ",PC-20220610JUCQ,0001:CoreCms.Net.Web.WebApi, 1.0.0.0,F:\Git_Code\CoreShop\CoreCms.Net.Web.WebApi\bin\Debug\net8.0\,CoreCms.Net.Loging.NLogUtil.WriteFileLog,96,F:\Git_Code\CoreShop\CoreCms.Net.Web.WebApi\bin\Debug\net8.0,8500,CoreCms.Net.Web.WebApi,C:\Users\Desktop,AdoProvider.ExecuteErrorEvent => <>c.<AddSqlSugarSetup>b__0_1 => NLogUtil.WriteFileLog,2025-01-20 17:27:27.3762,,ERROR,logfile,,
2025/01/20 17:27:27.399,SqlSugar,执行SQL错误事件,"SqlSugar.SqlSugarException: 中文提示 :  连接数据库过程中发生错误，检查服务器是否正常连接字符串是否正确，错误信息：Keyword not supported: 'port'..
English Message : Connection open error . Keyword not supported: 'port'. ",PC-20220610JUCQ,0001:CoreCms.Net.Web.WebApi, 1.0.0.0,F:\Git_Code\CoreShop\CoreCms.Net.Web.WebApi\bin\Debug\net8.0\,CoreCms.Net.Loging.NLogUtil.WriteFileLog,97,F:\Git_Code\CoreShop\CoreCms.Net.Web.WebApi\bin\Debug\net8.0,8500,CoreCms.Net.Web.WebApi,C:\Users\Desktop,AdoProvider.ExecuteErrorEvent => <>c.<AddSqlSugarSetup>b__0_1 => NLogUtil.WriteFileLog,2025-01-20 17:27:27.3995,,ERROR,logfile,,
2025/01/20 17:27:27.418,SqlSugar,执行SQL错误事件,"SqlSugar.SqlSugarException: 中文提示 :  连接数据库过程中发生错误，检查服务器是否正常连接字符串是否正确，错误信息：Keyword not supported: 'port'..
English Message : Connection open error . Keyword not supported: 'port'. ",PC-20220610JUCQ,0001:CoreCms.Net.Web.WebApi, 1.0.0.0,F:\Git_Code\CoreShop\CoreCms.Net.Web.WebApi\bin\Debug\net8.0\,CoreCms.Net.Loging.NLogUtil.WriteFileLog,98,F:\Git_Code\CoreShop\CoreCms.Net.Web.WebApi\bin\Debug\net8.0,8500,CoreCms.Net.Web.WebApi,C:\Users\Desktop,AdoProvider.ExecuteErrorEvent => <>c.<AddSqlSugarSetup>b__0_1 => NLogUtil.WriteFileLog,2025-01-20 17:27:27.4182,,ERROR,logfile,,
